text, label
"The lecture discussed quantum mechanics.",physics
"Book a flight to Paris.",book_flight
"The product arrived broken.",defective_product
"We studied cell division in biology class today.",biology
"The professor explained photosynthesis and chlorophyll.",biology
"DNA replication is a complex molecular process.",biology
"We're learning about genetics and inheritance patterns.",biology
"The lab focused on examining plant cell structures.",biology
"Evolution by natural selection is Darwin's theory.",biology
"We discussed the nervous system and neurons.",biology
"Mitochondria are the powerhouses of the cell.",biology
"The digestive system breaks down nutrients.",biology
"We analyzed protein synthesis and RNA transcription.",biology
"Ecosystems demonstrate complex food webs.",biology
"The circulatory system pumps blood throughout the body.",biology
"We studied bacterial reproduction and binary fission.",biology
"Hormones regulate many biological processes.",biology
"The respiratory system exchanges oxygen and carbon dioxide.",biology
"We examined different types of tissue under microscopes.",biology
"Enzymes catalyze biochemical reactions in living organisms.",biology
"The immune system protects against pathogens.",biology
"We learned about Mendel's laws of inheritance.",biology
"Cellular respiration produces ATP energy.",biology
"The endocrine system controls growth and development.",biology
"We studied biodiversity in tropical rainforests.",biology
"Meiosis creates genetically diverse gametes.",biology
"The kidney filters waste from the bloodstream.",biology
"We examined the structure of plant roots and stems.",biology
"Homeostasis maintains internal body balance.",biology
"The brain processes sensory information.",biology
"We discussed adaptation and survival strategies.",biology
"Chromosomes carry genetic information.",biology
"The skeletal system provides structural support.",biology
"Ribosomes synthesize proteins from amino acids.",biology
"The cell membrane controls what enters and exits cells.",biology
"We studied the process of osmosis and diffusion.",biology
"The heart has four chambers that pump blood.",biology
"DNA contains the genetic blueprint for all organisms.",biology
"We learned about dominant and recessive alleles.",biology
"Bacteria can reproduce through conjugation.",biology
"The liver detoxifies harmful substances in the body.",biology
"We examined leaf structures and stomata function.",biology
"Natural selection favors advantageous traits.",biology
"The spinal cord transmits signals to the brain.",biology
"We studied the nitrogen cycle in ecosystems.",biology
"Mutations can cause changes in genetic sequences.",biology
"The pancreas produces insulin to regulate blood sugar.",biology
"We observed prokaryotic and eukaryotic cells.",biology
"Symbiosis describes mutually beneficial relationships.",biology
"The lymphatic system helps fight infections.",biology
"We discussed predator-prey relationships in nature.",biology
"Gene expression determines which proteins are made.",biology
"The urinary system eliminates waste products.",biology
"We studied the carbon cycle and its importance.",biology
"Antibiotics target bacterial cell walls and processes.",biology
"The reproductive system enables species continuation.",biology
"We examined flower structures and pollination methods.",biology
"Cellular metabolism involves catabolic and anabolic reactions.",biology
"The muscular system enables movement and locomotion.",biology
"We learned about Hardy-Weinberg equilibrium principles.",biology
"Viruses require host cells to reproduce and survive.",biology
"The integumentary system protects the body from harm.",biology
"We studied population dynamics and carrying capacity.",biology
"Transcription copies DNA information into RNA molecules.",biology
"The thyroid gland regulates metabolic rate.",biology
"We examined seed germination and plant development.",biology
"Genetic drift affects allele frequencies in populations.",biology
"The adrenal glands produce stress hormones.",biology
"We discussed ecological succession in disturbed habitats.",biology
"Translation converts RNA sequences into protein chains.",biology
"The cerebellum coordinates balance and motor control.",biology
"We studied the water cycle and precipitation patterns.",biology
"Stem cells can differentiate into specialized cell types.",biology
"The pituitary gland controls other endocrine organs.",biology
"We examined insect metamorphosis and life cycles.",biology
"Crossing over increases genetic variation during meiosis.",biology
"The gallbladder stores bile for fat digestion.",biology
"We learned about trophic levels in food chains.",biology
"PCR amplifies DNA sequences for analysis.",biology
"The hypothalamus regulates body temperature.",biology
"We studied animal behavior and ethology concepts.",biology
"Apoptosis is programmed cell death for development.",biology
"The spleen filters blood and stores red blood cells.",biology
"We examined coral reef ecosystems and biodiversity.",biology
"Gel electrophoresis separates DNA fragments by size.",biology
"The medulla controls breathing and heart rate.",biology
"We discussed conservation biology and endangered species.",biology
"Restriction enzymes cut DNA at specific sequences.",biology
"The ovaries produce eggs and female hormones.",biology
"We studied desert adaptations in plants and animals.",biology
"Cloning creates genetically identical organisms.",biology
"The testes produce sperm and male hormones.",biology
"We examined freshwater and marine biomes.",biology
"Gene therapy attempts to treat genetic disorders.",biology
"The placenta nourishes developing embryos.",biology
"We learned about invasive species and their impacts.",biology
"Biotechnology uses living organisms for practical purposes.",biology
"The cochlea converts sound waves into nerve signals.",biology
"We studied arctic tundra ecosystems and permafrost.",biology
"Genetic engineering modifies organism DNA sequences.",biology
"The retina contains photoreceptors for vision.",biology
"We examined grassland prairies and their characteristics.",biology
"Biomarkers indicate biological states or conditions.",biology
"The nephron is the functional unit of kidneys.",biology
"We discussed temperate forest ecosystems.",biology
"Recombinant DNA combines genes from different sources.",biology
"The alveoli enable gas exchange in lungs.",biology
"We studied wetland ecosystems and their functions.",biology
"Transgenic organisms contain foreign genes.",biology
"The villi increase intestinal surface area for absorption.",biology
"We examined mountain ecosystems and altitude effects.",biology
"Bioinformatics analyzes biological data using computers.",biology
"The synapse transmits signals between neurons.",biology
"We learned about urban ecology and city wildlife.",biology
"Pharmacogenomics studies how genes affect drug responses.",biology
"The dendrites receive signals from other neurons.",biology
"We discussed climate change impacts on ecosystems.",biology
"Proteomics studies the entire protein complement.",biology
"The axon carries signals away from neuron cell bodies.",biology
"We examined pollinator decline and its consequences.",biology
"Metabolomics analyzes cellular metabolic products.",biology
"The myelin sheath insulates nerve fibers.",biology
"We studied habitat fragmentation and corridor creation.",biology
"Epigenetics studies heritable changes without DNA alteration.",biology
"The sarcomere is the contractile unit of muscle.",biology
"We learned about restoration ecology principles.",biology
"CRISPR enables precise genome editing.",biology
"The nephron loop concentrates urine.",biology
"We discussed sustainable agriculture practices.",biology
"Synthetic biology designs artificial biological systems.",biology
"The glomerulus filters blood in kidneys.",biology
"We examined renewable energy from biological sources.",biology
"Metagenomics studies microbial community genetics.",biology
"The Bowman's capsule surrounds the glomerulus.",biology
"We learned about bioremediation of contaminated sites.",biology
"Systems biology studies complex biological interactions.",biology
"The collecting duct regulates water reabsorption.",biology
"We discussed green chemistry and environmentally friendly processes.",biology
"Astrobiology searches for life beyond Earth.",biology
"The loop of Henle creates concentration gradients.",biology
"We studied biomimicry and nature-inspired technologies.",biology
"Computational biology uses mathematical models.",biology
"The proximal tubule reabsorbs most filtered substances.",biology
"We examined citizen science and biodiversity monitoring.",biology
"Structural biology determines protein three-dimensional shapes.",biology
"The distal tubule fine-tunes electrolyte balance.",biology
"We learned about ecological footprints and sustainability.",biology
"Marine biology studies ocean life and ecosystems.",biology
"The juxtaglomerular apparatus regulates blood pressure.",biology
"We discussed biomass energy and its applications.",biology
"Microbiology examines microscopic organisms.",biology
"The podocytes form filtration barriers in kidneys.",biology
"We studied carbon sequestration in forests.",biology
"Developmental biology studies organism growth patterns.",biology
"The mesangial cells support glomerular structure.",biology
"We examined ecological indicators of environmental health.",biology
"Evolutionary biology traces species relationships over time.",biology
"The macula densa senses sodium chloride concentrations.",biology
"We learned about sustainable fisheries management.",biology
"Molecular biology studies biological processes at molecular levels.",biology
"The afferent arteriole brings blood to glomerulus.",biology
"We discussed renewable resource management strategies.",biology
"Cell biology examines cellular structure and function.",biology
"The efferent arteriole carries blood from glomerulus.",biology
"We studied ecosystem services and their economic value.",biology
"Immunology studies the body's defense mechanisms.",biology
"The peritubular capillaries surround nephron tubules.",biology
"We examined biodiversity hotspots around the world.",biology
"Genetics studies heredity and gene function.",biology
"The vasa recta maintains medullary concentration gradients.",biology
"We learned about habitat restoration techniques.",biology
"Biochemistry studies chemical processes in living organisms.",biology
"The renal corpuscle consists of glomerulus and capsule.",biology
"We discussed environmental impact assessments.",biology
"Physiology studies how organisms function.",biology
"The renal tubule modifies filtrate composition.",biology
"We studied wildlife corridors and habitat connectivity.",biology
"Anatomy studies organism structure.",biology
"The collecting system concentrates final urine.",biology
"We examined urban planning for biodiversity conservation.",biology
"Ecology studies organism-environment interactions.",biology
"The renal medulla contains loops of Henle.",biology
"We learned about green building design principles.",biology
"Botany studies plant life and structures.",biology
"The renal cortex contains most nephron structures.",biology
"We discussed renewable energy integration strategies.",biology
"Zoology studies animal life and behavior.",biology
"The renal pelvis collects urine from collecting ducts.",biology
"We studied sustainable transportation systems.",biology
"Mycology studies fungi and their roles.",biology
"The ureter carries urine to the bladder.",biology
"We examined waste reduction and recycling programs.",biology
"Virology studies viruses and viral diseases.",biology
"The bladder stores urine until elimination.",biology
"We learned about water conservation techniques.",biology
"Bacteriology studies bacteria and their functions.",biology
"The urethra carries urine out of the body.",biology
"We discussed soil conservation and erosion prevention.",biology
"Parasitology studies parasites and host relationships.",biology
"The sphincter muscles control urine release.",biology
"We studied air quality monitoring and improvement.",biology
"Entomology studies insects and arthropods.",biology
"The detrusor muscle contracts during urination.",biology
"We examined noise pollution and its biological effects.",biology
"Ornithology studies birds and their behaviors.",biology
"The trigone is a triangular area in bladder.",biology
"We learned about light pollution impacts on wildlife.",biology
"Herpetology studies reptiles and amphibians.",biology
"The internal urethral sphincter is involuntary.",biology
"We discussed chemical pollution and bioaccumulation.",biology
"Ichthyology studies fish and aquatic vertebrates.",biology
"The external urethral sphincter is voluntary.",biology
"We studied plastic pollution in marine environments.",biology
"Mammalogy studies mammals and their characteristics.",biology
"The prostate gland surrounds male urethra.",biology
"We examined microplastic impacts on food chains.",biology
"Primatology studies primates and their evolution.",biology
"The seminal vesicles produce seminal fluid.",biology
"We learned about endocrine disruptors in environment.",biology
"Paleontology studies ancient life through fossils.",biology
"The vas deferens carries sperm from testes.",biology
"We discussed habitat loss and species extinction.",biology
"Phylogeny traces evolutionary relationships between species.",biology
"The epididymis stores and matures sperm cells.",biology
"We studied climate change adaptation strategies.",biology
"Taxonomy classifies and names living organisms.",biology
"The seminiferous tubules produce sperm cells.",biology
"We examined ocean acidification and coral bleaching.",biology
"Biogeography studies geographic distribution of species.",biology
"The Leydig cells produce testosterone hormone.",biology
"We learned about deforestation and reforestation efforts.",biology
"Conservation biology protects endangered species and habitats.",biology
"The Sertoli cells support sperm development.",biology
"We discussed overfishing and marine protection areas.",biology
"Population biology studies group dynamics and demographics.",biology
"The scrotum regulates testicular temperature.",biology
"We studied invasive species management strategies.",biology
"Community ecology examines species interactions.",biology
"The fallopian tubes transport eggs to uterus.",biology
"We examined pollinator conservation programs.",biology
"Ecosystem ecology studies energy and nutrient flows.",biology
"The ovaries release eggs during ovulation cycles.",biology
"We learned about seed banking for conservation.",biology
"Landscape ecology studies spatial patterns and processes.",biology
"The uterus provides environment for fetal development.",biology
"We discussed ex-situ conservation in zoos.",biology
"Restoration ecology repairs damaged ecosystems.",biology
"The endometrium lines the uterine wall.",biology
"We studied captive breeding programs for endangered species.",biology
"Applied ecology solves environmental problems.",biology
"The cervix connects uterus to vagina.",biology
"We examined wildlife trade regulation and CITES.",biology
"Urban ecology studies city environments and organisms.",biology
"The vagina is the birth canal and reproductive tract.",biology
"We learned about protected area management strategies.",biology
"Agroecology applies ecological principles to farming.",biology
"The mammary glands produce milk for offspring.",biology
"We discussed community-based conservation approaches.",biology
"Industrial ecology studies material and energy flows.",biology
"The placenta exchanges nutrients and waste.",biology
"We studied ecological economics and natural capital.",biology
"Molecular ecology uses DNA to study populations.",biology
"The amniotic sac protects the developing fetus.",biology
"We examined traditional ecological knowledge systems.",biology
"Chemical ecology studies organism chemical interactions.",biology
"The umbilical cord connects fetus to placenta.",biology
"We learned about environmental education programs.",biology
"Behavioral ecology studies adaptive behaviors.",biology
"The chorion contributes to placental development.",biology
"We discussed green infrastructure in cities.",biology
"Disease ecology studies pathogen transmission patterns.",biology
"The allantois develops into umbilical blood vessels.",biology
"We studied ecological restoration success metrics.",biology
"Fire ecology studies wildfire effects on ecosystems.",biology
"The yolk sac provides early embryonic nutrition.",biology
"We examined adaptive management in conservation.",biology
"Aquatic ecology studies freshwater and marine systems.",biology
"The blastocyst implants in the uterine wall.",biology
"We learned about ecosystem-based management approaches.",biology
"Terrestrial ecology studies land-based ecosystems.",biology
"The morula is an early embryonic stage.",biology
"We discussed landscape connectivity and corridors.",biology
"Polar ecology studies arctic and antarctic regions.",biology
"The zygote is the fertilized egg cell.",biology
"We studied rewilding and large-scale restoration.",biology
"Tropical ecology studies equatorial forest systems.",biology
"The gametes are reproductive cells (sperm and egg).",biology
"We examined natural climate solutions for carbon storage.",biology
"Desert ecology studies arid environment adaptations.",biology
"The meiosis produces genetically diverse gametes.",biology
"We learned about nature-based solutions to environmental problems.",biology
"Forest ecology studies woodland ecosystems.",biology
"The mitosis produces identical diploid cells.",biology
"We discussed circular economy principles in biology.",biology
"Grassland ecology studies prairie and savanna systems.",biology
"The cytokinesis divides the cell cytoplasm.",biology
"We studied biomimicry applications in technology.",biology
"Wetland ecology studies marsh and swamp environments.",biology
"The prophase condenses chromosomes for division.",biology
"We examined bioprospecting and natural product discovery.",biology
"Alpine ecology studies high-altitude mountain environments.",biology
"The metaphase aligns chromosomes at cell center.",biology
"We learned about sustainable biotechnology development.",biology
"Cave ecology studies subterranean biological systems.",biology
"The anaphase separates chromosome pairs.",biology
"We discussed ethical considerations in genetic engineering.",biology
"Island ecology studies isolated ecosystem dynamics.",biology
"The telophase reforms nuclear membranes.",biology
"We studied personalized medicine based on genetics.",biology
"Stream ecology studies flowing freshwater systems.",biology
"The interphase prepares cells for division.",biology
"We examined gene drive technology and its implications.",biology
"Soil ecology studies underground biological communities.",biology
"The G1 phase involves cell growth and preparation.",biology
"We learned about biological weapons and biosafety.",biology
"Microbial ecology studies bacterial and viral communities.",biology
"The S phase replicates DNA molecules.",biology
"We discussed intellectual property in biotechnology.",biology
"Plant ecology studies vegetation and plant communities.",biology
"The G2 phase continues growth and checks DNA.",biology
"We studied public participation in genetic research.",biology
"Animal ecology studies wildlife populations and behaviors.",biology
"The checkpoint mechanisms ensure proper cell division.",biology
"We examined regulatory frameworks for biotechnology.",biology
"Fungal ecology studies mushroom and mold communities.",biology
"The cyclin proteins regulate cell cycle progression.",biology
"We learned about international biosafety protocols.",biology
"Viral ecology studies virus-host-environment interactions.",biology
"The CDK enzymes drive cell cycle transitions.",biology
"We discussed environmental release of genetically modified organisms.",biology
"Parasite ecology studies host-parasite relationships.",biology
"The tumor suppressor genes prevent abnormal division.",biology
"We studied risk assessment for biotechnology applications.",biology
"Symbiont ecology studies mutually beneficial relationships.",biology
"The oncogenes promote cell division when mutated.",biology
"We examined science communication and public understanding.",biology
"Pollinator ecology studies bee and butterfly interactions.",biology
"The apoptosis eliminates damaged or unnecessary cells.",biology
"We learned about environmental monitoring using biological indicators.",biology
"Predator ecology studies hunting and feeding relationships.",biology
"The autophagy recycles cellular components.",biology
"We discussed citizen science contributions to biological research.",biology
"Decomposer ecology studies bacteria and fungi breakdown processes.",biology
"The senescence is the aging process in cells.",biology
"We studied biodiversity informatics and data management.",biology
"Producer ecology studies photosynthetic organism roles.",biology
"The stem cell differentiation creates specialized tissues.",biology
"We examined biological collections and museum specimens.",biology
"Consumer ecology studies herbivore and carnivore feeding.",biology
"The regenerative medicine uses stem cells for healing.",biology
"We learned about field research methods in biology.",biology
"Scavenger ecology studies organisms that consume dead matter.",biology
"The tissue engineering grows organs in laboratories.",biology
"We discussed laboratory safety protocols in biological research.",biology
"Omnivore ecology studies organisms with varied diets.",biology
"The gene therapy treats diseases by modifying genes.",biology
"We studied experimental design and statistical analysis.",biology
"Detritivore ecology studies organisms that eat decaying matter.",biology
"The immunotherapy uses immune system to fight disease.",biology
"We examined peer review process in scientific publishing.",biology
"Filter feeder ecology studies organisms that strain food.",biology
"The personalized medicine tailors treatment to individual genetics.",biology
"We learned about research ethics and animal welfare.",biology
"Grazer ecology studies organisms that eat living plants.",biology
"The precision medicine uses specific patient characteristics.",biology
"We discussed scientific collaboration and international research.",biology
"Browser ecology studies organisms that eat leaves and twigs.",biology
"The nanomedicine uses nanoparticles for drug delivery.",biology
"We studied grant writing and research funding.",biology
"Frugivore ecology studies fruit-eating organisms.",biology
"The telemedicine provides remote healthcare services.",biology
"We examined technology transfer and commercialization.",biology
"Nectarivore ecology studies nectar-feeding organisms.",biology
"The digital health uses electronic tools for medicine.",biology
"We learned about science policy and government regulation.",biology
"Insectivore ecology studies insect-eating organisms.",biology
"The artificial intelligence assists medical diagnosis.",biology
"We discussed career paths in biological sciences.",biology
"Carnivore ecology studies meat-eating organisms.",biology
"The machine learning analyzes large biological datasets.",biology
"We studied interdisciplinary collaboration in biology.",biology
"Herbivore ecology studies plant-eating organisms.",biology
"The robotics assists in surgical procedures.",biology
"We examined global health challenges and solutions.",biology
"Planktivore ecology studies plankton-eating organisms.",biology
"The 3D printing creates biological tissues and organs.",biology
"We learned about science education and outreach.",biology
"Molluscivore ecology studies mollusk-eating organisms.",biology
"The virtual reality trains medical professionals.",biology
"We discussed diversity and inclusion in scientific careers.",biology
"Piscivore ecology studies fish-eating organisms.",biology
"The augmented reality enhances surgical visualization.",biology
"We studied mentorship and professional development.",biology
"Vermivore ecology studies worm-eating organisms.",biology
"The blockchain secures medical records and data.",biology
"We examined entrepreneurship in biotechnology.",biology
"Coprophage ecology studies dung-eating organisms.",biology
"The cloud computing stores and analyzes biological data.",biology
"We learned about intellectual property and patent law.",biology
"Saprophyte ecology studies organisms that decompose dead matter.",biology
"The internet of things connects medical devices.",biology
"We discussed scientific integrity and research misconduct.",biology
"Parasite ecology studies organisms that live on hosts.",biology
"The big data reveals patterns in biological information.",biology
"We studied open science and data sharing.",biology
"Commensal ecology studies neutral organism relationships.",biology
"The precision agriculture optimizes crop production.",biology
"We examined sustainable development goals and biology.",biology
"Mutualist ecology studies mutually beneficial relationships.",biology
"The vertical farming grows crops in controlled environments.",biology
"We learned about global climate change and biological responses.",biology
"Competition ecology studies organisms competing for resources.",biology
"The aquaponics combines fish farming with plant cultivation.",biology
"We discussed biodiversity loss and conservation priorities.",biology
"Facilitation ecology studies organisms that help others.",biology
"The hydroponics grows plants without soil.",biology
"We studied ecosystem services valuation and payment.",biology
"Inhibition ecology studies organisms that harm others.",biology
"The aeroponics grows plants in air with nutrient mist.",biology
"We examined natural capital accounting methods.",biology
"Neutral ecology studies random population changes.",biology
"The permaculture designs sustainable agricultural systems.",biology
"We learned about environmental justice and equity.",biology
"Keystone ecology studies species with disproportionate impacts.",biology
"The agroforestry combines trees with crops or livestock.",biology
"We discussed indigenous knowledge and biodiversity conservation.",biology
"Foundation ecology studies species that create habitat structure.",biology
"The silviculture manages forest tree cultivation.",biology
"We studied participatory research and community engagement.",biology
"Enzyme kinetics describes the rate of catalytic reactions.",biochemistry
"The active site binds specifically to substrate molecules.",enzyme_function
"Competitive inhibition blocks enzyme active sites.",enzyme_inhibition
"Non-competitive inhibition changes enzyme shape.",allosteric_regulation
"Cofactors are required for enzyme activity.",enzyme_cofactors
"Coenzymes participate in enzyme-catalyzed reactions.",enzyme_helpers
"The lock-and-key model explains enzyme specificity.",enzyme_models
"Induced fit describes enzyme conformational changes.",enzyme_mechanism
"Allosteric enzymes have regulatory binding sites.",enzyme_regulation
"Feedback inhibition controls metabolic pathways.",metabolic_control
"Enzyme saturation occurs at high substrate concentrations.",enzyme_kinetics
"The Michaelis-Menten equation describes enzyme kinetics.",biochemical_equations
"Turnover number measures enzyme catalytic efficiency.",enzyme_efficiency
"Enzyme induction increases protein synthesis.",gene_expression
"Enzyme repression decreases protein production.",gene_regulation
"Isozymes are different forms of the same enzyme.",enzyme_variants
"Ribozymes are RNA molecules with catalytic activity.",RNA_enzymes
"Prosthetic groups are permanently attached to enzymes.",enzyme_structure
"Enzyme denaturation destroys catalytic activity.",protein_denaturation
"Enzyme purification isolates specific proteins.",protein_chemistry
"Temperature affects enzyme reaction rates.",enzyme_thermodynamics
"pH changes can alter enzyme activity.",enzyme_pH_effects
"Heavy metals can poison enzyme function.",enzyme_toxicology
"Enzyme assays measure catalytic activity.",biochemical_methods
"Substrate concentration affects reaction velocity.",enzyme_kinetics
"Product inhibition slows enzymatic reactions.",reaction_inhibition
"Enzyme specificity prevents unwanted reactions.",catalytic_selectivity
"Multienzyme complexes coordinate metabolic processes.",metabolic_organization
"Enzyme compartmentalization organizes cellular functions.",cellular_organization
"Proteolytic enzymes digest protein substrates.",protein_degradation
"Glycolytic enzymes break down glucose molecules.",glucose_metabolism
"Lipolytic enzymes hydrolyze lipid molecules.",lipid_metabolism
"Nucleases cleave nucleic acid polymers.",nucleic_acid_metabolism
"Oxidoreductases catalyze electron transfer reactions.",redox_enzymes
"Transferases move functional groups between molecules.",group_transfer
"Hydrolases break bonds using water molecules.",hydrolysis_reactions
"Lyases remove groups to form double bonds.",elimination_reactions
"Isomerases rearrange molecular structures.",structural_rearrangement
"Ligases join molecules using ATP energy.",synthesis_reactions
"Metabolic pathways consist of enzyme sequences.",biochemical_pathways
"Glycolysis converts glucose to pyruvate.",glucose_catabolism
"Gluconeogenesis synthesizes glucose from precursors.",glucose_synthesis
"The pentose phosphate pathway generates NADPH.",glucose_oxidation
"Glycogen synthesis stores glucose as polymer.",carbohydrate_storage
"Glycogen breakdown releases glucose units.",carbohydrate_mobilization
"Beta-oxidation degrades fatty acids.",lipid_catabolism
"Fatty acid synthesis builds lipid chains.",lipid_biosynthesis
"The citric acid cycle oxidizes acetyl-CoA.",central_metabolism
"Oxidative phosphorylation produces most ATP.",energy_production
"Amino acid catabolism produces urea.",nitrogen_metabolism
"Amino acid synthesis requires nitrogen fixation.",protein_biosynthesis
"Purine synthesis creates adenine and guanine.",nucleotide_biosynthesis
"Pyrimidine synthesis produces cytosine and thymine.",nucleotide_metabolism
"DNA replication copies genetic information.",molecular_genetics
"DNA repair fixes damaged nucleotides.",genome_maintenance
"Transcription synthesizes RNA from DNA.",gene_expression
"Translation synthesizes proteins from RNA.",protein_synthesis
"Post-translational modifications alter protein function.",protein_processing
"Protein folding creates functional structures.",protein_biophysics
"Protein misfolding causes disease states.",protein_pathology
"Chaperones assist protein folding processes.",protein_assistance
"Proteases degrade unwanted proteins.",protein_turnover
"The ubiquitin system tags proteins for degradation.",protein_regulation
"Signal transduction transmits cellular information.",cell_communication
"Second messengers amplify cellular signals.",signal_amplification
"Protein kinases phosphorylate target proteins.",protein_modification
"Protein phosphatases remove phosphate groups.",signal_termination
"G-proteins couple receptors to effectors.",signal_coupling
"Cyclic AMP mediates hormonal responses.",second_messengers
"Calcium ions trigger many cellular processes.",calcium_signaling
"Lipid messengers cross cell membranes.",lipid_signaling
"Nitric oxide acts as a gaseous messenger.",gas_signaling
"Hormones coordinate physiological responses.",endocrine_signaling
"Neurotransmitters enable neural communication.",synaptic_signaling
"Growth factors stimulate cell division.",growth_regulation
"Cytokines mediate immune responses.",immune_signaling
"Apoptotic signals trigger programmed cell death.",cell_death_signaling
"Stress responses protect cells from damage.",cellular_protection
"Heat shock proteins prevent protein aggregation.",stress_proteins
"Antioxidants neutralize reactive oxygen species.",oxidative_protection
"DNA damage checkpoints prevent mutations.",genome_protection
"Cell cycle checkpoints ensure proper division.",division_control
"Tumor suppressors prevent uncontrolled growth.",cancer_prevention
"Oncogenes promote cell proliferation.",growth_promotion
"Metastasis spreads cancer to distant sites.",cancer_progression
"Angiogenesis forms new blood vessels.",vascular_development
"Stem cell differentiation creates specialized cells.",developmental_biology
"Embryonic development follows genetic programs.",embryogenesis
"Morphogenesis shapes developing organisms.",developmental_morphology
"Cell migration enables tissue formation.",developmental_movement
"Pattern formation creates organized structures.",developmental_patterning
"Homeotic genes control body plan development.",developmental_genetics
"MicroRNAs regulate gene expression post-transcriptionally.",gene_regulation
"Long non-coding RNAs have regulatory functions.",RNA_biology
"Small interfering RNAs silence target genes.",RNA_interference
"CRISPR-Cas systems enable precise genome editing.",genome_engineering
"Optogenetics controls cellular activity with light.",neurotechnology
"Fluorescent proteins enable live cell imaging.",cell_visualization
"Electron microscopy reveals ultrastructural details.",microscopy_techniques
"X-ray crystallography determines protein structures.",structural_biology
"NMR spectroscopy studies protein dynamics.",protein_analysis
"Mass spectrometry identifies protein compositions.",analytical_chemistry
"Flow cytometry analyzes individual cells.",cell_analysis
"Western blotting detects specific proteins.",protein_detection
"Northern blotting analyzes RNA molecules.",RNA_analysis
"Southern blotting examines DNA fragments.",DNA_analysis
"In situ hybridization localizes nucleic acids.",molecular_localization
"Immunofluorescence visualizes protein distributions.",protein_localization
"Confocal microscopy creates optical sections.",advanced_microscopy
"Two-photon microscopy penetrates thick tissues.",deep_tissue_imaging
"Super-resolution microscopy exceeds diffraction limits.",nanoscopy
"Cryo-electron microscopy preserves native structures.",structural_preservation
"Atomic force microscopy measures molecular forces.",force_spectroscopy
"Single-molecule techniques study individual biomolecules.",single_molecule_biology
"Microfluidics manipulates small fluid volumes.",lab_on_chip
"Next-generation sequencing analyzes entire genomes.",genomics_technology
"Proteomics studies complete protein sets.",protein_profiling
"Metabolomics analyzes cellular metabolite profiles.",metabolite_analysis
"Lipidomics examines lipid compositions.",lipid_profiling
"Glycomics studies carbohydrate structures.",carbohydrate_analysis
"Epigenomics maps DNA methylation patterns.",epigenetic_analysis
"Transcriptomics profiles gene expression levels.",gene_expression_analysis
"Single-cell sequencing analyzes individual cells.",cellular_heterogeneity
"Spatial transcriptomics maps gene expression locations.",spatial_biology
"Long-read sequencing spans repetitive regions.",genome_assembly
"Metagenomics studies microbial community genetics.",microbiome_analysis
"Phylogenomics reconstructs evolutionary relationships.",evolutionary_genomics
"Comparative genomics identifies conserved sequences.",genome_comparison
"Functional genomics determines gene functions.",gene_function_analysis
"Structural genomics maps three-dimensional genome organization.",genome_architecture
"Population genomics studies genetic variation.",population_genetics
"Medical genomics applies genetics to healthcare.",precision_medicine
"Agricultural genomics improves crop varieties.",plant_breeding
"Conservation genomics preserves genetic diversity.",species_conservation
"Forensic genomics identifies individuals from DNA.",DNA_identification
"Pharmacogenomics personalizes drug treatments.",drug_response_genetics
"Nutrigenomics studies gene-diet interactions.",nutritional_genetics
"Toxicogenomics examines genetic responses to toxins.",toxicology_genetics
"Neurogenomics investigates brain gene expression.",neuroscience_genetics
"Immunogenomics studies immune system genetics.",immunity_genetics
"Cancer genomics identifies oncogenic mutations.",cancer_genetics
"Developmental genomics maps embryonic gene programs.",development_genetics
"Aging genomics studies longevity-associated genes.",gerontology_genetics
"Exercise genomics examines fitness-related genes.",sports_genetics
"Behavioral genomics links genes to behaviors.",behavioral_genetics
"Psychiatric genomics studies mental health genetics.",psychiatric_genetics
"Addiction genomics investigates substance dependence genes.",addiction_genetics
"Sleep genomics examines circadian rhythm genes.",chronobiology_genetics
"Pain genomics studies genetic pain sensitivity.",pain_genetics
"Sensory genomics investigates perception genes.",sensory_genetics
"Motor genomics examines movement control genes.",motor_genetics
"Cognitive genomics studies intelligence-related genes.",cognition_genetics
"Memory genomics investigates learning and recall genes.",memory_genetics
"Language genomics examines communication genes.",language_genetics
"Social genomics studies behavior in groups.",social_genetics
"Cultural genomics examines gene-culture interactions.",cultural_evolution
"Environmental genomics studies organism-environment interactions.",ecological_genetics
"Climate genomics investigates adaptation to climate change.",climate_adaptation
"Marine genomics studies ocean organism genetics.",marine_genetics
"Terrestrial genomics examines land organism genetics.",terrestrial_genetics
"Freshwater genomics studies aquatic organism genetics.",aquatic_genetics
"Desert genomics investigates arid adaptation genes.",desert_adaptation
"Polar genomics studies cold adaptation genetics.",cold_adaptation
"Tropical genomics examines heat adaptation genes.",heat_adaptation
"Mountain genomics investigates high-altitude adaptations.",altitude_adaptation
"Newton's first law states that objects in motion stay in motion.",mechanics
"The speed of light in vacuum is approximately 299,792,458 meters per second.",optics
"Entropy always increases in an isolated system.",thermodynamics
"An electron has a negative charge of -1.602 × 10^-19 coulombs.",electromagnetism
"The uncertainty principle limits our knowledge of particle properties.",quantum_mechanics
"Force equals mass times acceleration according to F=ma.",mechanics
"Electromagnetic waves can travel through vacuum.",electromagnetism
"The photoelectric effect demonstrates particle nature of light.",quantum_mechanics
"Heat flows from hot objects to cold objects naturally.",thermodynamics
"Refraction occurs when light passes between different media.",optics
"Gravitational force decreases with the square of distance.",mechanics
"Ohm's law relates voltage, current, and resistance.",electromagnetism
"Wave-particle duality is fundamental to quantum mechanics.",quantum_mechanics
"The first law of thermodynamics conserves energy.",thermodynamics
"Total internal reflection occurs at critical angles.",optics
"Momentum is conserved in isolated systems.",mechanics
"Magnetic fields are created by moving electric charges.",electromagnetism
"Schrödinger's equation describes quantum wave functions.",quantum_mechanics
"The Carnot cycle represents ideal heat engine efficiency.",thermodynamics
"Diffraction demonstrates the wave nature of light.",optics
"Angular momentum is conserved in rotational motion.",mechanics
"Faraday's law describes electromagnetic induction.",electromagnetism
"Quantum tunneling allows particles to pass through barriers.",quantum_mechanics
"The second law of thermodynamics defines entropy increase.",thermodynamics
"Polarization filters can block certain light orientations.",optics
"Impulse equals the change in momentum.",mechanics
"Capacitors store electrical energy in electric fields.",electromagnetism
"The Heisenberg uncertainty principle applies to all particles.",quantum_mechanics
"Absolute zero is the lowest possible temperature.",thermodynamics
"Snell's law governs the refraction of light.",optics
"Centripetal force maintains circular motion.",mechanics
"Inductors store energy in magnetic fields.",electromagnetism
"Quantum entanglement connects particle properties instantly.",quantum_mechanics
"The Boltzmann constant relates temperature to energy.",thermodynamics
"Interference patterns result from wave superposition.",optics
"Torque causes rotational acceleration.",mechanics
"Maxwell's equations unify electricity and magnetism.",electromagnetism
"The double-slit experiment shows quantum superposition.",quantum_mechanics
"Heat capacity measures thermal energy storage.",thermodynamics
"Holography uses interference to record 3D images.",optics
"Conservation of energy applies to all physical systems.",mechanics
"Electromagnetic radiation spans a continuous spectrum.",electromagnetism
"Quantum states collapse upon measurement.",quantum_mechanics
"The ideal gas law relates pressure, volume, and temperature.",thermodynamics
"Lasers produce coherent, monochromatic light.",optics
"Work is force applied over a distance.",mechanics
"Electric potential energy depends on charge separation.",electromagnetism
"Quantum superposition allows multiple simultaneous states.",quantum_mechanics
"Entropy measures the disorder in a system.",thermodynamics
"Fiber optics uses total internal reflection.",optics
"Kinetic energy equals half mass times velocity squared.",mechanics
"Gauss's law relates electric flux to enclosed charge.",electromagnetism
"The observer effect influences quantum measurements.",quantum_mechanics
"Thermal equilibrium occurs at equal temperatures.",thermodynamics
"Chromatic aberration separates colors in lenses.",optics
"Potential energy depends on position in force fields.",mechanics
"Lenz's law opposes changes in magnetic flux.",electromagnetism
"Quantum decoherence explains classical behavior emergence.",quantum_mechanics
"The zeroth law defines thermal equilibrium.",thermodynamics
"Fresnel lenses focus light using concentric rings.",optics
"Simple harmonic motion follows sinusoidal patterns.",mechanics
"Transformers change AC voltage levels.",electromagnetism
"Quantum field theory describes particle interactions.",quantum_mechanics
"Phase transitions occur at specific temperatures.",thermodynamics
"Spectroscopy analyzes light to determine composition.",optics
"Elastic collisions conserve both momentum and energy.",mechanics
"AC circuits involve time-varying currents.",electromagnetism
"The Many Worlds interpretation explains quantum measurement.",quantum_mechanics
"Heat engines convert thermal energy to work.",thermodynamics
"Prisms disperse white light into component colors.",optics
"Friction opposes relative motion between surfaces.",mechanics
"Electromagnetic induction generates electric currents.",electromagnetism
"Quantum computing uses superposition for parallel processing.",quantum_mechanics
"Refrigerators use thermodynamic cycles to remove heat.",thermodynamics
"Microscopes use lenses to magnify small objects.",optics
"Projectile motion follows parabolic trajectories.",mechanics
"Solenoids create uniform magnetic fields.",electromagnetism
"Bell's theorem proves quantum non-locality.",quantum_mechanics
"Adiabatic processes occur without heat transfer.",thermodynamics
"Telescopes collect and focus distant light.",optics
"Oscillations involve periodic motion about equilibrium.",mechanics
"Superconductors have zero electrical resistance.",electromagnetism
"Quantum cryptography ensures secure communication.",quantum_mechanics
"Isothermal processes maintain constant temperature.",thermodynamics
"Polarized sunglasses reduce glare reflection.",optics
"Damped oscillations gradually lose energy.",mechanics
"Eddy currents create magnetic braking forces.",electromagnetism
"Quantum dots confine electrons in small regions.",quantum_mechanics
"The Stirling cycle operates between two temperatures.",thermodynamics
"Interferometry measures very small distances precisely.",optics
"Resonance occurs when driving frequency matches natural frequency.",mechanics
"Hall effect separates charges in magnetic fields.",electromagnetism
"Quantum annealing finds optimal solutions.",quantum_mechanics
"Carnot efficiency sets theoretical limits for heat engines.",thermodynamics
"Adaptive optics corrects atmospheric distortion.",optics
"Coupled oscillators exchange energy periodically.",mechanics
"Piezoelectric materials generate voltage from pressure.",electromagnetism
"Quantum error correction protects quantum information.",quantum_mechanics
"Heat pumps move thermal energy against temperature gradients.",thermodynamics
"Metamaterials have engineered electromagnetic properties.",optics
"Chaos theory describes sensitive dependence on initial conditions.",mechanics
"Plasma contains ionized particles and free electrons.",electromagnetism
"Quantum supremacy demonstrates computational advantages.",quantum_mechanics
"The Otto cycle models internal combustion engines.",thermodynamics
"Photonic crystals control light propagation.",optics
"Fluid dynamics describes motion of liquids and gases.",mechanics
"Ferromagnetism aligns magnetic dipoles.",electromagnetism
"Quantum algorithms solve specific problems efficiently.",quantum_mechanics
"Thermal expansion increases size with temperature.",thermodynamics
"Nonlinear optics involves intensity-dependent effects.",optics
"Bernoulli's principle relates pressure to fluid speed.",mechanics
"Dielectric materials store electric field energy.",electromagnetism
"Quantum sensors achieve unprecedented precision.",quantum_mechanics
"Joule heating converts electrical energy to thermal energy.",thermodynamics
"Holographic storage uses three-dimensional recording.",optics
"Surface tension minimizes liquid surface area.",mechanics
"Magnetic resonance imaging uses nuclear magnetic moments.",electromagnetism
"Quantum teleportation transfers quantum states.",quantum_mechanics
"Blackbody radiation follows Planck's distribution.",thermodynamics
"Optical computing processes information using light.",optics
"Viscosity measures fluid resistance to flow.",mechanics
"Josephson junctions exhibit quantum tunneling.",electromagnetism
"Quantum simulation models complex quantum systems.",quantum_mechanics
"Thermoelectric effects convert temperature differences to electricity.",thermodynamics
"Photolithography patterns semiconductor devices.",optics
"Turbulence creates chaotic fluid motion.",mechanics
"Superconducting magnets create strong magnetic fields.",electromagnetism
"Quantum metrology enhances measurement precision.",quantum_mechanics
"Cryogenics studies extremely low temperatures.",thermodynamics
"Optical tweezers manipulate microscopic particles.",optics
"Aerodynamics studies air flow around objects.",mechanics
"Magnetic levitation suspends objects using magnetic forces.",electromagnetism
"Quantum networks connect quantum computers.",quantum_mechanics
"Thermal conductivity governs heat transfer rates.",thermodynamics
"Biophotonics applies optics to biological systems.",optics
"Hydrostatics studies fluids at rest.",mechanics
"Electromagnetic pulse can disable electronic devices.",electromagnetism
"Quantum machine learning combines quantum and AI.",quantum_mechanics
"Heat exchangers transfer thermal energy between fluids.",thermodynamics
"Laser cooling reduces atomic temperatures.",optics
"Archimedes' principle explains buoyancy forces.",mechanics
"Magnetic monopoles remain theoretical particles.",electromagnetism
"Topological quantum computing uses anyons.",quantum_mechanics
"Thermal radiation follows Stefan-Boltzmann law.",thermodynamics
"Optical fibers guide light through total internal reflection.",optics
"Pascal's principle transmits pressure through fluids.",mechanics
"Electromagnetic shielding blocks unwanted fields.",electromagnetism
"Quantum advantage provides computational speedup.",quantum_mechanics
"Phase change materials store latent heat.",thermodynamics
"Photonic integrated circuits manipulate light on chips.",optics
"Hydrodynamics describes fluid motion and forces.",mechanics
"Electromagnetic compatibility prevents interference.",electromagnetism
"Quantum walks explore quantum algorithms.",quantum_mechanics
"Thermal insulators reduce heat transfer.",thermodynamics
"Optical metamaterials have negative refractive index.",optics
"Stokes' law describes drag on spherical particles.",mechanics
"Magnetohydrodynamics studies conducting fluid motion.",electromagnetism
"Quantum biology explores quantum effects in living systems.",quantum_mechanics
"Thermodynamic cycles convert heat to work.",thermodynamics
"Optical amplifiers boost light signal strength.",optics
"Reynolds number characterizes fluid flow regimes.",mechanics
"Electromagnetic waves propagate at light speed.",electromagnetism
"Quantum complexity theory analyzes computational resources.",quantum_mechanics
"Heat transfer occurs through conduction, convection, radiation.",thermodynamics
"Optical isolators prevent back-reflection.",optics
"Navier-Stokes equations govern fluid dynamics.",mechanics
"Magnetic flux quantization occurs in superconducting loops.",electromagnetism
"Quantum information theory studies information processing.",quantum_mechanics
"Thermal barriers reduce unwanted heat flow.",thermodynamics
"Optical coherence determines interference visibility.",optics
"Vorticity measures local rotation in fluid flow.",mechanics
"Skin effect concentrates current near conductor surfaces.",electromagnetism
"Quantum key distribution enables secure communication.",quantum_mechanics
"Entropy generation creates irreversibility.",thermodynamics
"Optical nonlinearity enables frequency conversion.",optics
"Boundary layers form near solid surfaces in flow.",mechanics
"Electromagnetic induction motor converts electrical to mechanical energy.",electromagnetism
"Quantum error rates limit computation fidelity.",quantum_mechanics
"Heat sinks dissipate thermal energy.",thermodynamics
"Optical bistability exhibits hysteresis effects.",optics
"Shock waves form when flow exceeds sound speed.",mechanics
"Magnetic domains align in ferromagnetic materials.",electromagnetism
"Quantum phase transitions occur at zero temperature.",quantum_mechanics
"Thermal stress results from temperature gradients.",thermodynamics
"Optical switching controls light paths.",optics
"Cavitation creates vapor bubbles in liquids.",mechanics
"Electromagnetic railgun accelerates projectiles.",electromagnetism
"Quantum spin liquids exhibit exotic magnetic properties.",quantum_mechanics
"Thermal cycling can cause material fatigue.",thermodynamics
"Optical parametric amplification generates new frequencies.",optics
"Compressible flow involves density variations.",mechanics
"Magnetic reconnection occurs in plasma physics.",electromagnetism
"Quantum hall effect exhibits quantized conductance.",quantum_mechanics
"Heat recovery systems capture waste thermal energy.",thermodynamics
"Optical solitons maintain shape during propagation.",optics
"Supersonic flow exceeds local sound speed.",mechanics
"Electromagnetic pulse shielding protects electronics.",electromagnetism
"Quantum spin systems exhibit magnetic ordering.",quantum_mechanics
"Thermal management prevents overheating.",thermodynamics
"Optical trapping uses radiation pressure.",optics
"Fluid instabilities can lead to turbulence.",mechanics
"Magnetic confinement contains plasma in fusion reactors.",electromagnetism
"Quantum dots exhibit size-dependent properties.",quantum_mechanics
"Thermal comfort depends on temperature and humidity.",thermodynamics
"Optical waveguides confine and direct light.",optics
"Laminar flow exhibits smooth streamlines.",mechanics
"Electromagnetic compatibility testing ensures proper operation.",electromagnetism
"Quantum wells confine charge carriers.",quantum_mechanics
"Thermal protection systems withstand extreme temperatures.",thermodynamics
"Optical modulation encodes information on light.",optics
"Flow separation occurs at sharp corners.",mechanics
"Magnetic bearings support rotating machinery.",electromagnetism
"Quantum cascade lasers emit infrared radiation.",quantum_mechanics
"Thermal imaging detects infrared radiation.",thermodynamics
"Optical feedback can cause laser instability.",optics
"Pressure drop occurs due to friction in pipes.",mechanics
"Electromagnetic forming shapes metals using magnetic forces.",electromagnetism
"Quantum interference affects particle trajectories.",quantum_mechanics
"Thermal diffusivity governs heat spreading rate.",thermodynamics
"Optical routing directs signals in networks.",optics
"Mass transfer involves species concentration gradients.",mechanics
"Electromagnetic braking uses eddy currents.",electromagnetism
"Quantum oscillations occur in magnetic fields.",quantum_mechanics
"Thermal shock can crack materials.",thermodynamics
"Optical frequency combs provide precise frequency references.",optics
"Momentum transfer occurs in fluid-solid interactions.",mechanics
"Magnetic flux linkage determines induced voltage.",electromagnetism
"Quantum confinement modifies electronic properties.",quantum_mechanics
"Thermal fatigue results from temperature cycling.",thermodynamics
"Optical gain enables laser amplification.",optics
"Heat transfer coefficients quantify convection rates.",mechanics
"Electromagnetic heating uses induced currents.",electromagnetism
"Quantum size effects dominate at nanoscale.",quantum_mechanics
"Thermal boundary resistance impedes heat flow.",thermodynamics
"Optical density controls light transmission.",optics
"Drag coefficient depends on object shape.",mechanics
"Magnetic permeability determines field response.",electromagnetism
"Quantum coherence enables superposition states.",quantum_mechanics
"Thermal conductance quantifies heat transfer ability.",thermodynamics
"Optical path difference creates interference.",optics
"Lift force enables aircraft flight.",mechanics
"Electromagnetic spectrum encompasses all frequencies.",electromagnetism
"Quantum degeneracy occurs at low temperatures.",quantum_mechanics
"Thermal equilibration establishes uniform temperature.",thermodynamics
"Optical delay lines store light temporarily.",optics
"Buoyancy force depends on displaced fluid weight.",mechanics
"Magnetic flux density measures field strength.",electromagnetism
"Quantum statistics govern particle behavior.",quantum_mechanics
"Thermal time constants characterize heating rates.",thermodynamics
"Optical absorption removes photons from beams.",optics
"Pressure gradient drives fluid acceleration.",mechanics
"Electromagnetic waves carry energy and momentum.",electromagnetism
"Quantum mechanics governs atomic and molecular behavior.",quantum_mechanics
"Thermal analysis studies temperature-dependent properties.",thermodynamics
"Optical pumping creates population inversions.",optics
"Viscous forces oppose relative motion.",mechanics
"Magnetic saturation limits field enhancement.",electromagnetism
"Quantum fluctuations cause vacuum energy.",quantum_mechanics
"Thermal modeling predicts temperature distributions.",thermodynamics
"Optical bandgap determines semiconductor properties.",optics
"Streamline curvature indicates pressure gradients.",mechanics
"Electromagnetic induction generates electrical power.",electromagnetism
"Quantum measurement disturbs system states.",quantum_mechanics
"Thermal design ensures proper operating temperatures.",thermodynamics
"Optical losses reduce signal strength.",optics
"Flow visualization reveals fluid motion patterns.",mechanics
"Magnetic hysteresis causes energy loss.",electromagnetism
"Quantum entanglement creates correlated particles.",quantum_mechanics
"Heat transfer enhancement improves thermal performance.",thermodynamics
"Optical scattering redirects light randomly.",optics
"Pressure recovery occurs in diffusers.",mechanics
"Electromagnetic fields exert forces on charges.",electromagnetism
"Quantum superposition allows multiple simultaneous states.",quantum_mechanics
"Thermal resistance opposes heat flow.",thermodynamics
"Optical resonance enhances field interactions.",optics
"Fluid compressibility affects wave propagation.",mechanics
"Magnetic coupling transfers energy between circuits.",electromagnetism
"Quantum tunneling enables chemical reactions.",quantum_mechanics
"Thermal capacity determines temperature change rates.",thermodynamics
"Optical emission creates photons from excited states.",optics
"Surface roughness affects boundary layer behavior.",mechanics
"Electromagnetic compatibility prevents system interference.",electromagnetism
"Quantum dynamics describes time evolution.",quantum_mechanics
"Thermal protection prevents material damage.",thermodynamics
"Optical focusing concentrates light energy.",optics
"Flow control modifies fluid behavior.",mechanics
"Magnetic shielding redirects magnetic fields.",electromagnetism
"Quantum algorithms exploit quantum mechanical properties.",quantum_mechanics
"Thermal properties determine material behavior.",thermodynamics
"Optical communication transmits information using light.",optics
"Pressure waves propagate disturbances through fluids.",mechanics
"Electromagnetic propulsion uses Lorentz forces.",electromagnetism
"Quantum effects become important at small scales.",quantum_mechanics
"Thermal optimization maximizes heat transfer efficiency.",thermodynamics
"Optical sensors detect light intensity changes.",optics
"Turbulent mixing enhances mass transfer.",mechanics
"Magnetic levitation eliminates mechanical contact.",electromagnetism
"Quantum computing promises exponential speedups.",quantum_mechanics
"Thermal imaging reveals temperature patterns.",thermodynamics
"Optical materials have engineered refractive properties.",optics
"Fluid mechanics studies motion and forces in fluids.",mechanics
"Electromagnetic theory unifies electric and magnetic phenomena.",electromagnetism
"Quantum physics revolutionized our understanding of nature.",quantum_mechanics
"Thermodynamics governs energy conversion processes.",thermodynamics
"Optics deals with light behavior and applications.",optics
"Classical mechanics describes macroscopic motion.",mechanics
"Electromagnetism explains electromagnetic force behavior.",electromagnetism
"Quantum theory explains microscopic world phenomena.",quantum_mechanics
"Heat engines demonstrate thermodynamic principles.",thermodynamics
"Light exhibits both wave and particle properties.",optics
"Newton's laws form the foundation of mechanics.",mechanics
"Maxwell's equations describe electromagnetic fields.",electromagnetism
"Planck's constant quantizes energy in quantum mechanics.",quantum_mechanics
"The laws of thermodynamics govern thermal processes.",thermodynamics
"Geometric optics uses ray tracing methods.",optics
"Conservation laws are fundamental to mechanics.",mechanics
"Electromagnetic radiation includes all wavelengths.",electromagnetism
"Quantum mechanics replaced classical atomic models.",quantum_mechanics
"Thermal energy is the internal energy of systems.",thermodynamics
"Wave optics explains diffraction and interference.",optics
"Dynamics studies forces and resulting motion.",mechanics
"Electric and magnetic fields permeate space.",electromagnetism
"Quantum field theory describes particle creation.",quantum_mechanics
"Statistical mechanics connects microscopic and macroscopic properties.",thermodynamics
"Photonics is the technology of light generation.",optics
"Statics analyzes forces in equilibrium systems.",mechanics
"Electromagnetic spectrum spans radio to gamma rays.",electromagnetism
"Quantum electrodynamics describes light-matter interactions.",quantum_mechanics
"Kinetic theory explains gas behavior.",thermodynamics
"Laser physics studies coherent light amplification.",optics
"Rotational mechanics involves angular quantities.",mechanics
"Electromagnetic devices convert between electrical and mechanical energy.",electromagnetism
"Quantum chromodynamics describes strong nuclear force.",quantum_mechanics
"Thermodynamic equilibrium represents maximum entropy.",thermodynamics
"Nonlinear optics studies intensity-dependent phenomena.",optics
"Continuum mechanics treats matter as continuous.",mechanics
"Plasma physics studies ionized gas behavior.",electromagnetism
"Quantum gravity attempts to unify relativity and quantum mechanics.",quantum_mechanics
"Phase diagrams show thermodynamic state relationships.",thermodynamics
"Quantum optics studies quantum properties of light.",optics
"Analytical mechanics uses energy methods.",mechanics
"Magnetostatics studies static magnetic fields.",electromagnetism
"Many-body quantum systems exhibit collective behavior.",quantum_mechanics
"Thermal properties characterize material responses.",thermodynamics
"Integrated optics miniaturizes optical components.",optics
"Hamiltonian mechanics uses generalized coordinates.",mechanics
"Electrostatics studies static electric charges.",electromagnetism
"Quantum information science studies information processing.",quantum_mechanics
"Calorimetry measures thermal energy changes.",thermodynamics
"Biomedical optics applies light to medical problems.",optics
"Lagrangian mechanics uses least action principle.",mechanics
"Circuit theory analyzes electrical networks.",electromagnetism
"Condensed matter physics studies quantum many-body systems.",quantum_mechanics
"Heat transfer mechanisms include conduction and convection.",thermodynamics
"Atmospheric optics explains sky phenomena.",optics
"Rigid body mechanics treats objects as non-deformable.",mechanics
"Antenna theory describes electromagnetic radiation.",electromagnetism
"Superconductivity is a quantum mechanical phenomenon.",quantum_mechanics
"Thermochemistry studies heat in chemical reactions.",thermodynamics
"Micro-optics deals with small-scale optical elements.",optics
"Particle mechanics analyzes individual object motion.",mechanics
"Microwave engineering uses high-frequency electromagnetics.",electromagnetism
"Quantum materials exhibit exotic electronic properties.",quantum_mechanics
"Psychrometrics studies moist air properties.",thermodynamics
"Nano-optics studies light at nanometer scales.",optics
"Celestial mechanics describes planetary motion.",mechanics
"RF engineering deals with radio frequency applications.",electromagnetism
"Topological quantum matter has protected edge states.",quantum_mechanics
"Combustion involves rapid exothermic reactions.",thermodynamics
"Singular optics studies phase singularities.",optics
"Biomechanics applies mechanics to biological systems.",mechanics
"Power electronics converts electrical energy efficiently.",electromagnetism
"Quantum sensing achieves measurement beyond classical limits.",quantum_mechanics
"Refrigeration removes heat from low-temperature reservoirs.",thermodynamics
"Diffractive optics uses periodic structures.",optics
"Fracture mechanics studies crack propagation.",mechanics
"Electromagnetic compatibility ensures electronic coexistence.",electromagnetism
"Quantum transport studies electron motion in materials.",quantum_mechanics
"HVAC systems control indoor climate.",thermodynamics
"Transformation optics designs novel optical devices.",optics
"Contact mechanics analyzes surface interactions.",mechanics
"Electromagnetic metamaterials have artificial properties.",electromagnetism
"Quantum phase transitions occur at absolute zero.",quantum_mechanics
"Thermal management prevents component overheating.",thermodynamics
"Plasmonics studies surface plasmon oscillations.",optics
"Tribology studies friction, wear, and lubrication.",mechanics
"Electromagnetic pulse protection shields electronic systems.",electromagnetism
"Quantum coherence enables interference effects.",quantum_mechanics
"Energy storage systems capture and release thermal energy.",thermodynamics
"Silicon photonics integrates optics with electronics.",optics
"Shock and vibration analysis studies dynamic loading.",mechanics
"Magnetic materials exhibit various magnetic behaviors.",electromagnetism
"Quantum error correction protects fragile quantum states.",quantum_mechanics
"Waste heat recovery improves energy efficiency.",thermodynamics
"Optical computing processes information at light speed.",optics
"Fatigue analysis predicts component lifetime.",mechanics
"Superconducting electronics operate without resistance.",electromagnetism
"Quantum simulation models complex physical systems.",quantum_mechanics
"Thermal barrier coatings protect from high temperatures.",thermodynamics
"Metamaterial optics enables impossible optical properties.",optics
"Structural mechanics analyzes load-bearing systems.",mechanics
"Electromagnetic launchers accelerate projectiles.",electromagnetism
"Quantum advantage demonstrates computational superiority.",quantum_mechanics
"Geothermal energy harnesses Earth's internal heat.",thermodynamics
"Slow light reduces group velocity in materials.",optics
"Fluid-structure interaction couples flow and deformation.",mechanics
"Magnetic levitation trains eliminate wheel friction.",electromagnetism
"Quantum cryptography provides information-theoretic security.",quantum_mechanics
"Solar thermal collectors capture solar energy.",thermodynamics
"Optical cloaking renders objects invisible.",optics
"Multiphase flow involves multiple fluid phases.",mechanics
"Electromagnetic forming shapes metals without contact.",electromagnetism
"Quantum machine learning combines quantum and classical algorithms.",quantum_mechanics
"Thermal energy storage systems balance supply and demand.",thermodynamics
"Photonic bandgap materials control light propagation.",optics
"Granular mechanics studies discrete particle systems.",mechanics
"Wireless power transfer uses electromagnetic fields.",electromagnetism
"Quantum walks provide algorithmic speedups.",quantum_mechanics
"District heating distributes thermal energy efficiently.",thermodynamics
"Optical neural networks process information using light.",optics
"Multibody dynamics analyzes complex mechanical systems.",mechanics
"Electromagnetic interference can disrupt electronic operation.",electromagnetism
"Quantum dots exhibit tunable electronic properties.",quantum_mechanics
"Combined heat and power systems improve efficiency.",thermodynamics
"Optical metamaterials surpass natural material limitations.",optics
"Computational mechanics uses numerical methods.",mechanics
"Electromagnetic shielding blocks unwanted radiation.",electromagnetism
"Quantum control manipulates quantum system evolution.",quantum_mechanics
"Thermal interface materials improve heat transfer.",thermodynamics
"Transformation optics enables exotic wave manipulation.",optics
"Experimental mechanics measures material properties.",mechanics
"Electromagnetic pulse weapons disable electronics.",electromagnetism
"Quantum annealing solves optimization problems.",quantum_mechanics
"Heat recovery ventilation conserves thermal energy.",thermodynamics
"Optical frequency conversion enables wavelength translation.",optics
"Applied mechanics solves engineering problems.",mechanics
"Electromagnetic theory predicts wave propagation.",electromagnetism
"Quantum sensing exceeds classical measurement precision.",quantum_mechanics
"Thermal analysis characterizes material properties.",thermodynamics
"Optical signal processing manipulates information.",optics
"Theoretical mechanics develops fundamental principles.",mechanics
"Electromagnetic fields store and transmit energy.",electromagnetism
"Quantum foundations explore fundamental quantum principles.",quantum_mechanics
"Thermal systems engineering designs heat management solutions.",thermodynamics
"Optical engineering develops practical light-based devices.",optics
"The hydrogen bond forms between water molecules",intermolecular_forces
"Calculate the molarity of this solution",concentration_calculation
"The reaction produced a precipitate",precipitation_reaction
"What is the atomic number of carbon?",atomic_structure
"The pH of this solution is acidic",acid_base_chemistry
"Perform titration to find concentration",analytical_chemistry
"The catalyst increased reaction rate",catalysis
"Electrons occupy different energy levels",quantum_chemistry
"The compound has ionic bonding",chemical_bonding
"Mix sodium chloride with water",solution_preparation
"The equilibrium shifted to products",chemical_equilibrium
"Carbon forms four covalent bonds",organic_chemistry
"The reaction is exothermic",thermodynamics
"Identify the functional group present",organic_functional_groups
"The crystal structure is cubic",solid_state_chemistry
"Measure the boiling point accurately",physical_properties
"The enzyme catalyzes this reaction",biochemistry
"Balance the chemical equation properly",stoichiometry
"The metal corroded over time",corrosion_chemistry
"Separate compounds using chromatography",separation_techniques
"The oxidation state changed",redox_reactions
"Prepare buffer solution carefully",buffer_chemistry
"The molecule shows chirality",stereochemistry
"Calculate theoretical yield expected",yield_calculations
"The polymer has repeating units",polymer_chemistry
"Analyze using mass spectrometry",instrumental_analysis
"The reaction follows first order",kinetics
"Identify unknown compound structure",structural_analysis
"The solvent dissolved the solute",solubility
"Perform recrystallization for purification",purification_techniques
"The acid dissociates completely",strong_acid
"The base accepts protons readily",base_chemistry
"Calculate enthalpy change accurately",thermochemistry
"The reaction mechanism involves radicals",radical_chemistry
"Determine molecular formula precisely",molecular_formulas
"The compound exhibits resonance",resonance_structures
"Measure density of the liquid",physical_measurements
"The gas follows ideal behavior",gas_laws
"Identify precipitate formed visually",qualitative_analysis
"The solution changed color dramatically",color_changes
"Calculate moles from given mass",mole_calculations
"The reaction rate depends on temperature",temperature_effects
"Perform extraction using organic solvent",extraction_techniques
"The crystal habit is needle-like",crystallography
"Determine purity using melting point",purity_analysis
"The compound is hygroscopic",moisture_absorption
"Calculate percent composition accurately",composition_analysis
"The reaction produces toxic gases",safety_concerns
"Store chemicals in proper conditions",chemical_storage
"The solution has high conductivity",electrical_properties
"Identify isomers of the compound",isomerism
"The reaction is photochemically induced",photochemistry
"Calculate activation energy required",activation_energy
"The complex ion has coordination number six",coordination_chemistry
"Perform flame test for identification",flame_tests
"The solution exhibits fluorescence",fluorescence
"Calculate osmotic pressure precisely",colligative_properties
"The reaction follows SN2 mechanism",reaction_mechanisms
"Identify aromatic compound characteristics",aromatic_chemistry
"The metal exhibits variable oxidation states",transition_metals
"Calculate half-life of radioactive isotope",nuclear_chemistry
"The compound undergoes hydrolysis",hydrolysis_reactions
"Perform gravimetric analysis carefully",gravimetric_analysis
"The solution shows optical activity",optical_activity
"Calculate vapor pressure at temperature",vapor_pressure
"The reaction is autocatalytic",autocatalysis
"Identify Lewis acid-base pairs",lewis_acid_base
"The compound has multiple stereoisomers",stereoisomers
"Calculate solubility product constant",solubility_equilibrium
"The reaction produces chemiluminescence",chemiluminescence
"Perform cyclic voltammetry analysis",electroanalytical_chemistry
"The polymer shows thermal stability",thermal_analysis
"Calculate standard electrode potential",electrochemistry
"The compound exhibits tautomerism",tautomerism
"Identify coordination sphere geometry",coordination_geometry
"The reaction shows kinetic isotope effect",isotope_effects
"Calculate binding constant accurately",binding_equilibrium
"The compound has amphoteric properties",amphoteric_substances
"Perform NMR spectroscopy analysis",nmr_spectroscopy
"The solution exhibits non-ideal behavior",non_ideal_solutions
"Calculate partition coefficient precisely",partition_coefficients
"The reaction involves electron transfer",electron_transfer
"Identify supramolecular interactions",supramolecular_chemistry
"The compound shows polymorphism",polymorphism
"Calculate surface tension measurement",surface_chemistry
"The reaction produces free radicals",free_radical_chemistry
"Perform X-ray crystallography analysis",x_ray_crystallography
"The solution has buffer capacity",buffer_capacity
"Calculate dielectric constant accurately",dielectric_properties
"The compound exhibits liquid crystalline behavior",liquid_crystals
"Identify host-guest interactions",host_guest_chemistry
"The reaction shows regioselectivity",regioselectivity
"Calculate diffusion coefficient precisely",diffusion
"The compound has photochemical stability",photostability
"Perform thermal gravimetric analysis",thermal_gravimetry
"The solution exhibits Raoult's law deviation",solution_thermodynamics
"Calculate magnetic susceptibility",magnetic_properties
"The reaction involves carbocation intermediate",carbocation_chemistry
"Identify hydrogen bonding patterns",hydrogen_bonding
"The compound shows solid-state reactivity",solid_state_reactions
"Calculate viscosity of the solution",viscosity_measurements
"The reaction is stereospecific",stereospecificity
"Perform capillary electrophoresis",electrophoresis
"The compound has crown ether structure",crown_ethers
"Calculate work function accurately",work_function
"The reaction shows chemoselectivity",chemoselectivity
"Identify inclusion complex formation",inclusion_complexes
"The compound exhibits piezoelectric properties",piezoelectricity
"Calculate refractive index precisely",refractive_index
"The reaction involves pericyclic mechanism",pericyclic_reactions
"Perform atomic absorption spectroscopy",atomic_spectroscopy
"The solution has critical temperature",critical_phenomena
"Calculate dipole moment accurately",dipole_moments
"The compound shows ferroelectric behavior",ferroelectricity
"Identify molecular recognition events",molecular_recognition
"The reaction exhibits autocorrelation",autocorrelation
"Calculate zeta potential measurement",zeta_potential
"The compound has mesoporous structure",mesoporous_materials
"Perform ion chromatography analysis",ion_chromatography
"The solution exhibits phase separation",phase_separation
"Calculate polarizability tensor",polarizability
"The reaction involves photoinduced electron transfer",photoinduced_processes
"Identify self-assembly mechanisms",self_assembly
"The compound shows shape memory effect",shape_memory_materials
"Calculate hydrodynamic radius",hydrodynamic_properties
"The reaction exhibits oscillatory behavior",oscillating_reactions
"Perform matrix-assisted laser desorption",mass_spectrometry_techniques
"The solution has anomalous properties",anomalous_behavior
"Calculate compressibility factor",compressibility
"The compound exhibits superhydrophobic behavior",surface_properties
"Identify biomimetic interactions",biomimetic_chemistry
"The reaction shows template effects",template_chemistry
"Calculate rotational correlation time",rotational_dynamics
"The compound has nanostructured morphology",nanostructures
"Perform single-crystal diffraction",single_crystal_analysis
"The solution exhibits glass transition",glass_transition
"Calculate electron affinity precisely",electron_affinity
"The reaction involves spin crossover",spin_crossover
"Identify mechanochemical processes",mechanochemistry
"The compound shows thermochromism",thermochromism
"Calculate Henry's law constant",henry_law
"The reaction exhibits enantioselectivity",enantioselectivity
"Perform electrospray ionization analysis",electrospray_ionization
"The solution has lower critical solution temperature",lcst_behavior
"Calculate second virial coefficient",virial_coefficients
"The compound exhibits electrochromism",electrochromism
"Identify click chemistry reactions",click_chemistry
"The reaction shows cooperative binding",cooperative_binding
"Calculate radial distribution function",radial_distribution
"The compound has dendrimeric structure",dendrimers
"Perform time-resolved spectroscopy",time_resolved_spectroscopy
"The solution exhibits upper critical solution temperature",ucst_behavior
"Calculate fugacity coefficient",fugacity
"The reaction involves metal-organic frameworks",metal_organic_frameworks
"Identify breathing mode vibrations",vibrational_spectroscopy
"The compound shows liquid-liquid extraction",liquid_liquid_extraction
"Calculate activity coefficient precisely",activity_coefficients
"The reaction exhibits substrate selectivity",substrate_selectivity
"Perform scanning tunneling microscopy",scanning_probe_microscopy
"The solution has spinodal decomposition",spinodal_decomposition
"Calculate excess molar volume",excess_properties
"The compound exhibits ionic conductivity",ionic_conductors
"Identify frustrated Lewis pairs",frustrated_lewis_pairs
"The reaction shows anti-Markovnikov addition",anti_markovnikov
"Calculate chemical potential accurately",chemical_potential
"The compound has covalent organic framework structure",covalent_organic_frameworks
"Perform dynamic light scattering",dynamic_light_scattering
"The solution exhibits retrograde solubility",retrograde_solubility
"Calculate partial molar properties",partial_molar_properties
"The reaction involves organocatalysis",organocatalysis
"Identify halogen bonding interactions",halogen_bonding
"The compound shows room-temperature ionic liquid behavior",ionic_liquids
"Calculate osmotic coefficient",osmotic_coefficients
"The reaction exhibits kinetic resolution",kinetic_resolution
"Perform atomic force microscopy",atomic_force_microscopy
"The solution has microemulsion structure",microemulsions
"Calculate excess Gibbs energy",excess_gibbs_energy
"The compound exhibits proton conductivity",proton_conductors
"Identify mechanically interlocked structures",mechanically_interlocked
"The reaction shows umpolung reactivity",umpolung_chemistry
"Calculate isothermal compressibility",isothermal_compressibility
"The compound has porous coordination polymer structure",porous_coordination_polymers
"Perform neutron scattering analysis",neutron_scattering
"The solution exhibits demixing behavior",demixing
"Calculate thermal expansion coefficient",thermal_expansion
"The reaction involves asymmetric catalysis",asymmetric_catalysis
"Identify chalcogen bonding",chalcogen_bonding
"The compound shows switchable properties",switchable_materials
"Calculate heat capacity at constant pressure",heat_capacity
"The reaction exhibits cascade chemistry",cascade_reactions
"Perform electron paramagnetic resonance",epr_spectroscopy
"The solution has bicontinuous structure",bicontinuous_phases
"Calculate isothermal bulk modulus",bulk_modulus
"The compound exhibits mixed ionic-electronic conductivity",mixed_conductors
"Identify rotaxane formation",rotaxanes
"The reaction shows multicomponent coupling",multicomponent_reactions
"Calculate adiabatic compressibility",adiabatic_compressibility
"The compound has hierarchical porous structure",hierarchical_porosity
"Perform small-angle scattering",small_angle_scattering
"The solution exhibits re-entrant phase behavior",reentrant_phases
"Calculate speed of sound in medium",sound_velocity
"The reaction involves photochemical rearrangement",photochemical_rearrangements
"Identify pnictogen bonding interactions",pnictogen_bonding
"The compound shows stimuli-responsive behavior",stimuli_responsive_materials
"Calculate molar refraction accurately",molar_refraction
"The reaction exhibits domino chemistry",domino_reactions
"Perform coherent anti-Stokes Raman spectroscopy",cars_spectroscopy
"The solution has percolation threshold",percolation
"Calculate isobaric thermal expansivity",isobaric_expansivity
"The compound exhibits fast ion transport",fast_ion_conductors
"Identify catenane structures",catenanes
"The reaction shows tandem catalysis",tandem_catalysis
"Calculate isothermal Joule-Thomson coefficient",joule_thomson_coefficient
"The compound has metal-organic polyhedra structure",metal_organic_polyhedra
"Perform sum-frequency generation spectroscopy",sum_frequency_generation
"The solution exhibits cloud point behavior",cloud_point
"Calculate adiabatic bulk modulus",adiabatic_bulk_modulus
"The reaction involves cooperative catalysis",cooperative_catalysis
"Identify tetrel bonding",tetrel_bonding
"The compound shows self-healing properties",self_healing_materials
"Calculate Grüneisen parameter",gruneisen_parameter
"The reaction exhibits relay catalysis",relay_catalysis
"Perform tip-enhanced Raman spectroscopy",tip_enhanced_raman
"The solution has lower consolute temperature",lower_consolute_temperature
"Calculate thermal pressure coefficient",thermal_pressure_coefficient
"The compound exhibits superionic conductivity",superionic_conductors
"Identify pseudorotaxane formation",pseudorotaxanes
"The reaction shows sequential catalysis",sequential_catalysis
"Calculate volumetric thermal expansion",volumetric_expansion
"The compound has reticular chemistry design",reticular_chemistry
"Perform surface-enhanced infrared spectroscopy",surface_enhanced_infrared
"The solution exhibits Krafft temperature",krafft_temperature
"Calculate linear thermal expansion coefficient",linear_expansion
"The reaction involves dual catalysis",dual_catalysis
"Identify aerogen bonding",aerogen_bonding
"The compound shows auxetic behavior",auxetic_materials
"Calculate bulk viscosity accurately",bulk_viscosity
"The reaction exhibits bifunctional catalysis",bifunctional_catalysis
"Perform transient absorption spectroscopy",transient_absorption
"The solution has critical micelle concentration",critical_micelle_concentration
"Calculate shear viscosity coefficient",shear_viscosity
"The compound exhibits negative thermal expansion",negative_thermal_expansion
"Identify trefoil knot structures",trefoil_knots
"The reaction shows bimetallic catalysis",bimetallic_catalysis
"Calculate dynamic viscosity precisely",dynamic_viscosity
"The compound has isoreticular framework",isoreticular_frameworks
"Perform femtosecond laser spectroscopy",femtosecond_spectroscopy
"The solution exhibits gel-sol transition",gel_sol_transition
"Calculate kinematic viscosity",kinematic_viscosity
"The reaction involves heterogeneous catalysis",heterogeneous_catalysis
"Identify Solomon knot formation",solomon_knots
"The compound shows metamaterial properties",metamaterials
"Calculate surface viscosity",surface_viscosity
"The reaction exhibits single-atom catalysis",single_atom_catalysis
"Perform tip-enhanced photoluminescence",tip_enhanced_photoluminescence
"The solution has Theta temperature",theta_temperature
"Calculate extensional viscosity",extensional_viscosity
"The compound exhibits phononic behavior",phononic_materials
"Identify Hopf link structures",hopf_links
"The reaction shows electrocatalysis",electrocatalysis
"Calculate first normal stress difference",normal_stress_differences
"The compound has topological insulator properties",topological_insulators
"Perform angle-resolved photoemission spectroscopy",angle_resolved_photoemission
"The solution exhibits spinodal temperature",spinodal_temperature
"Calculate second normal stress difference",second_normal_stress
"The reaction involves photoredox catalysis",photoredox_catalysis
"Identify borromean rings",borromean_rings
"The compound shows quantum dot behavior",quantum_dots
"Calculate loss modulus accurately",loss_modulus
"The reaction exhibits cooperative photoredox catalysis",cooperative_photoredox
"Perform two-photon absorption spectroscopy",two_photon_absorption
"The solution has binodal curve",binodal_curve
"Calculate storage modulus precisely",storage_modulus
"The compound exhibits plasmonic properties",plasmonic_materials
"Identify molecular Borromean rings",molecular_borromean_rings
"The reaction shows metallaphotoredox catalysis",metallaphotoredox
"Calculate complex modulus",complex_modulus
"The compound has photonic crystal structure",photonic_crystals
"Perform stimulated emission depletion microscopy",sted_microscopy
"The solution exhibits tie-line behavior",tie_lines
"Calculate loss tangent",loss_tangent
"The reaction involves enamine catalysis",enamine_catalysis
"Identify figure-eight knot",figure_eight_knot
"The compound shows magnetocaloric effect",magnetocaloric_materials
"Calculate storage compliance",storage_compliance
"The reaction exhibits iminium catalysis",iminium_catalysis
"Perform stochastic optical reconstruction microscopy",storm_microscopy
"The solution has critical composition",critical_composition
"Calculate loss compliance",loss_compliance
"The compound exhibits multiferroic properties",multiferroic_materials
"Identify pentafoil knot structures",pentafoil_knots
"The reaction shows SOMO activation",somo_activation
"Calculate complex compliance",complex_compliance
"The compound has skyrmion structure",skyrmions
"Perform photoactivated localization microscopy",palm_microscopy
"The solution exhibits plait point",plait_point
"Calculate creep compliance",creep_compliance
"The reaction involves radical cation catalysis",radical_cation_catalysis
"Identify torus knot formation",torus_knots
"The compound shows spin liquid behavior",spin_liquids
"Calculate relaxation modulus",relaxation_modulus
"The reaction exhibits counterion catalysis",counterion_catalysis
"Perform single-molecule localization microscopy",single_molecule_localization
"The solution has critical end point",critical_end_point
"Calculate stress relaxation",stress_relaxation
"The compound exhibits Weyl semimetal properties",weyl_semimetals
"Identify composite knot structures",composite_knots
"The reaction shows hydrogen bond catalysis",hydrogen_bond_catalysis
"Calculate creep function",creep_function
"The compound has Dirac semimetal behavior",dirac_semimetals
"Perform structured illumination microscopy",structured_illumination
"The solution exhibits tricritical point",tricritical_point
"Calculate retardation spectrum",retardation_spectrum
"The reaction involves anion binding catalysis",anion_binding_catalysis
"Identify satellite knot formation",satellite_knots
"The compound shows nodal-line semimetal properties",nodal_line_semimetals
"Calculate relaxation spectrum",relaxation_spectrum
"The reaction exhibits cation binding catalysis",cation_binding_catalysis
"Perform light-sheet fluorescence microscopy",light_sheet_microscopy
"The solution has quadruple point",quadruple_point
"Calculate Cox-Merz rule applicability",cox_merz_rule
"The compound exhibits quantum spin liquid behavior",quantum_spin_liquids
"Identify twist knot structures",twist_knots
"The reaction shows phase-transfer catalysis",phase_transfer_catalysis
"Calculate Arrhenius activation energy for flow",flow_activation_energy
"The compound has quantum anomalous Hall effect",quantum_anomalous_hall
"Perform super-resolution radial fluctuations microscopy",srrf_microscopy
"The solution exhibits glass-glass transition",glass_glass_transition
"Calculate WLF equation parameters",wlf_equation
"The reaction involves micellar catalysis",micellar_catalysis
"Identify cable knot formation",cable_knots
"The compound shows fractional quantum Hall behavior",fractional_quantum_hall
"Calculate Vogel-Fulcher-Tammann parameters",vft_parameters
"The reaction exhibits inverse electron demand Diels-Alder",inverse_electron_demand
"Perform expansion microscopy",expansion_microscopy
"The solution has peritectic point",peritectic_point
"Calculate Adam-Gibbs equation parameters",adam_gibbs_equation
"The compound exhibits quantum critical behavior",quantum_criticality
"Identify pretzel knot structures",pretzel_knots
"The reaction shows nitroxide-mediated polymerization",nitroxide_mediated_polymerization
"Calculate MYEGA equation parameters",myega_equation
"The compound has magnetic monopole behavior",magnetic_monopoles
"Perform correlative light-electron microscopy",correlative_microscopy
"The solution exhibits eutectoid transformation",eutectoid_transformation
"Calculate fragility index",fragility_index
"The reaction involves atom transfer radical polymerization",atom_transfer_radical_polymerization
"Identify stevedore knot formation",stevedore_knots
"The compound shows axion insulator properties",axion_insulators
"Calculate cooperativity parameter",cooperativity_parameter
"The reaction exhibits reversible addition-fragmentation chain transfer",raft_polymerization
"Perform cryo-electron tomography",cryo_electron_tomography
"The solution has peritectoid reaction",peritectoid_reaction
"Calculate stretching exponent",stretching_exponent
"The compound exhibits higher-order topological behavior",higher_order_topological
"Identify cinquefoil knot structures",cinquefoil_knots
"The reaction shows ring-opening metathesis polymerization",romp
"Calculate Kohlrausch exponent",kohlrausch_exponent
"The compound has anyonic statistics",anyonic_statistics
"Perform focused ion beam microscopy",focused_ion_beam
"The solution exhibits monotectic reaction",monotectic_reaction
"Calculate non-exponential relaxation",non_exponential_relaxation
"The reaction involves controlled radical polymerization",controlled_radical_polymerization
"Identify granny knot formation",granny_knots
"The compound shows parafermion behavior",parafermions
"Calculate Havriliak-Negami parameters",havriliak_negami
"The reaction exhibits living polymerization",living_polymerization
"Perform helium ion microscopy",helium_ion_microscopy
"The solution has syntectoid transformation",syntectoid_transformation
"Calculate Cole-Cole parameters",cole_cole_parameters
"The compound exhibits Majorana fermion behavior",majorana_fermions
"Identify square knot structures",square_knots
"The reaction shows group transfer polymerization",group_transfer_polymerization
"Calculate Cole-Davidson parameters",cole_davidson_parameters
"The compound has non-Abelian anyon properties",non_abelian_anyons
"Perform dual-beam focused ion beam",dual_beam_fib
"The solution exhibits catatectic reaction",catatectic_reaction
"Calculate Davidson-Cole relaxation",davidson_cole_relaxation
"The reaction involves anionic polymerization",anionic_polymerization
"Identify thief knot formation",thief_knots
"The compound shows Fibonacci anyon behavior",fibonacci_anyons
"Calculate distribution of relaxation times",relaxation_time_distribution
"The reaction exhibits cationic polymerization",cationic_polymerization
"Perform gas-phase electron diffraction",gas_phase_electron_diffraction
"The solution has invariant reaction",invariant_reaction
"Calculate Gaussian distribution of relaxation times",gaussian_relaxation_distribution
"The compound exhibits Ising anyon properties",ising_anyons
"Identify reef knot structures",reef_knots
"The reaction shows metathesis polymerization",metathesis_polymerization
"Calculate lognormal distribution of relaxation times",lognormal_relaxation_distribution
"The compound has parafermionic zero modes",parafermionic_zero_modes
"Perform liquid-phase electron diffraction",liquid_phase_electron_diffraction
"The solution exhibits congruent melting",congruent_melting
"Calculate power-law distribution of relaxation times",power_law_relaxation
"The reaction involves step-growth polymerization",step_growth_polymerization
"Identify bowline knot formation",bowline_knots
"The compound shows topological superconductivity",topological_superconductors
"Calculate stretched exponential distribution",stretched_exponential_distribution
"The reaction exhibits chain-growth polymerization",chain_growth_polymerization
"Perform selected-area electron diffraction",selected_area_diffraction
"The solution has incongruent melting",incongruent_melting
"Calculate bimodal relaxation distribution",bimodal_relaxation
"The compound exhibits Kitaev spin liquid behavior",kitaev_spin_liquid
"Identify slip knot structures",slip_knots
"The reaction shows precipitation polymerization",precipitation_polymerization
"Calculate trimodal relaxation distribution",trimodal_relaxation
"The compound has quantum spin ice properties",quantum_spin_ice
"Perform convergent-beam electron diffraction",convergent_beam_diffraction
"The solution exhibits retrograde precipitation",retrograde_precipitation
"Calculate multimodal relaxation distribution",multimodal_relaxation
"The reaction involves emulsion polymerization",emulsion_polymerization
"Identify running knot formation",running_knots
"The compound shows algebraic spin liquid behavior",algebraic_spin_liquid
"Calculate continuous relaxation spectrum",continuous_relaxation_spectrum
"The reaction exhibits suspension polymerization",suspension_polymerization
"Perform precession electron diffraction",precession_electron_diffraction
"The solution has retrograde solubility behavior",retrograde_solubility_behavior
"Calculate discrete relaxation spectrum",discrete_relaxation_spectrum
"The compound exhibits gapless spin liquid properties",gapless_spin_liquid
"Identify noose knot structures",noose_knots
"The reaction shows miniemulsion polymerization",miniemulsion_polymerization
"Calculate regularized relaxation spectrum",regularized_relaxation_spectrum
"The compound has chiral spin liquid behavior",chiral_spin_liquid
"Perform nanobeam electron diffraction",nanobeam_diffraction
"The solution exhibits salting-out effect",salting_out
"Calculate maximum entropy relaxation spectrum",maximum_entropy_spectrum
"The reaction involves microemulsion polymerization",microemulsion_polymerization
"Identify hangman's knot formation",hangmans_knot
"The compound shows Z2 spin liquid properties",z2_spin_liquid
"Calculate Tikhonov regularized spectrum",tikhonov_regularization
"The reaction exhibits interfacial polymerization",interfacial_polymerization
"Perform fluctuation electron microscopy",fluctuation_electron_microscopy
"The solution has salting-in effect",salting_in
"Calculate non-negative least squares spectrum",nnls_spectrum
"The compound exhibits U(1) spin liquid behavior",u1_spin_liquid
"Identify clove hitch knot structures",clove_hitch_knots
"The reaction shows plasma polymerization",plasma_polymerization
"Calculate L-curve optimized spectrum",l_curve_optimization
"The compound has topological Mott insulator properties",topological_mott_insulator
"Perform environmental transmission electron microscopy",environmental_tem
"The solution exhibits hydrophobic interaction",hydrophobic_interaction
"Calculate generalized cross-validation spectrum",gcv_spectrum
"The reaction involves photopolymerization",photopolymerization
"Identify half hitch knot formation",half_hitch_knots
"The compound shows quantum spin Hall behavior",quantum_spin_hall
"Calculate Bayesian relaxation spectrum",bayesian_spectrum
"The reaction exhibits electropolymerization",electropolymerization
"Perform liquid-cell electron microscopy",liquid_cell_microscopy
"The solution has hydrophilic interaction",hydrophilic_interaction
"Calculate neural network relaxation spectrum",neural_network_spectrum
"The compound exhibits fractional Chern insulator properties",fractional_chern_insulator
"Identify timber hitch knot structures",timber_hitch_knots
"The reaction shows mechanochemical polymerization",mechanochemical_polymerization
